S.No,IMO Number,Vessel Name,Maker,Model,Make Type,Detail,Engine Type,Mark,Emission,Features,Injection,MAKE,MODEL
1,9920679,ACE ETERNITY,HITACHI MAN B&W,7S65ME-C8.5,MAN B&W,7S65,ME-C,8.5,,,,MAN BW,7S65::8.5
2,9323314,ADITYA,KAWASAKI MAN B&W,6S50MC-C,MAN B&W,6S50,MC-C,,,,,MAN BW,6S50
3,9881639,ADVAITA,CMD MAN B&W,6S40ME-B MARK 9.5,MAN B&W,6S40,ME-B,9.5,,,,MAN BW,6S40::9.5
4,9736418,AFRICAN BULKER,MITSUI MAN B&W,5S50ME-B9.3,MAN B&W,5S50,ME-B,9.3,,,,MAN BW,5S50::9.3
5,9720225,AFRICAN BUZZARD,MITSUI-MAN B&W,7S50ME-B9.3,MAN B&W,7S50,ME-B,9.3,,,,MAN BW,7S50::9.3
6,9701712,AFRICAN SPOONBILL,MITSUI MAN B&W,6S50ME-B9.3,MAN B&W,6S50,ME-B,9.3,,,,MAN BW,6S50::9.3
7,9701700,AFRICAN TURACO,MITSUI MAN B&W,6S50ME-B9.3,MAN B&W,6S50,ME-B,9.3,,,,MAN BW,6S50::9.3
8,9415404,AL AGAILA,HYUNDAI MAN B&W,6S70MC-C,MAN B&W,6S70,MC-C,,,,,MAN BW,6S70
9,9700225,AL-BETROLEYA,STX MAN B&W,6G50ME-B9.3 (MK 9.3),MAN B&W,6G50,ME-B,9.3,,,,MAN BW,6G50::9.3
10,9939163,ALHAYA,STX MAN B&W,6G60ME-C10.5,MAN B&W,6G60,ME-C,10.5,,,,MAN BW,6G60::10.5
11,9832925,AM KIRTI,HYUNDAI MAN B&W,6G70ME-C MARK 9.5,MAN B&W,6G70,ME-C,9.5,,,,MAN BW,6G70::9.5
13,9427330,AM OCEAN PRIDE,STX MAN B&W,6S50MC-C,MAN B&W,6S50,MC-C,,,,,MAN BW,6S50
14,9427330,AM OCEAN PRIDE,MITSUI MAN B&W,6S50MC-C,MAN B&W,6S50,MC-C,,,,,MAN BW,6S50
15,9288497,AM OCEAN SILVER,MITSUI MAN B&W,6S50MC MARK -6,MAN B&W,6S50,MC-C,6,,,,MAN BW,6S50::6
16,9336385,AM OCEAN STAR,MITSUI MAN B&W,6S50MC (MK-6),MAN B&W,6S50,MC-C,6,,,,MAN BW,6S50::6
17,9832913,AM TARANG,HYUNDAI MAN B&W,6G70ME-C MARK 9.5,MAN B&W,6G70,ME-C,9.5,,,,MAN BW,6G70::9.5
19,9792058,AM UMANG,MITSUI MAN B&W,6S60ME-C8.2,MAN B&W,6S60,ME-C,8.2,,,,MAN BW,6S60::8.2
20,9993494,AMBER ETERNITY,STX MAN B&W,6G50ME-C9.6-HPSCR,MAN B&W,6G50,ME-C,9.6,,HPSCR,,MAN BW,6G50::9.6
21,9736420,AMERICAN BULKER,MITSUI MAN B&W,5S50ME-B9.3,MAN B&W,5S50,ME-B,9.3,,,,MAN BW,5S50::9.3
22,9552989,AMIS ACE,KAWASAKI MAN B&W,6S50MC-C7,MAN B&W,6S50,MC-C,7,,,,MAN BW,6S50::7
23,9667459,AMIS BRAVE,MITSUI MAN B&W,6S50MC-C,MAN B&W,6S50,MC-C,,,,,MAN BW,6S50
24,9705421,AMIS ELEGANCE,KAWASAKI MAN B&W,6S50ME-B8.2,MAN B&W,6S50,ME-B,8.2,,,,MAN BW,6S50::8.2
25,9724178,AMIS FORTUNE,KAWASAKI MAN B&W,6S50ME-B8.2,MAN B&W,6S50,ME-B,8.2,,,,MAN BW,6S50::8.2
26,9732412,AMIS INTEGRITY,MITSUI MAN B&W,6S50ME-B9.3,MAN B&W,6S50,ME-B,9.3,,,,MAN BW,6S50::9.3
27,9732424,AMIS JUSTICE,MITSUI MAN B&W,6S50ME-B9.3,MAN B&W,6S50,ME-B,9.3,,,,MAN BW,6S50::9.3
28,9520807,AMIS KALON,MITSUI MAN B&W,6S50MC-C,MAN B&W,6S50,MC-C,,,,,MAN BW,6S50
29,9520819,AMIS LEADER,MITSUI MAN B&W,6S50MC-C,MAN B&W,6S50,MC-C,,,,,MAN BW,6S50
30,9768045,AMIS MIRACLE,KAWASAKI MAN B&W,6S50ME-B9.3,MAN B&W,6S50,ME-B,9.3,,,,MAN BW,6S50::9.3
31,9787974,AMIS NATURE,KAWASAKI MAN B&W,6S50ME-B8.2,MAN B&W,6S50,ME-B,8.2,,,,MAN BW,6S50::8.2
32,9780990,AMIS POWER,MITSUI MAN B&W,6S50ME-B9.5,MAN B&W,6S50,ME-B,9.5,,,,MAN BW,6S50::9.5
33,9426764,AMIS WISDOM I,KAWASAKI MAN B&W,6S50MC-C,MAN B&W,6S50,MC-C,,,,,MAN BW,6S50
34,9426776,AMIS WISDOM II,KAWASAKI MAN B&W,6S50MC-C,MAN B&W,6S50,MC-C,,,,,MAN BW,6S50
35,9573866,AMIS WISDOM III,MITSUI MAN B&W,6S50MC-C,MAN B&W,6S50,MC-C,,,,,MAN BW,6S50
36,9983774,AMIS XCEL,,,,,,,,,,,
37,9979242,AMIS YOUTH,HITACHI MAN B&W,6S50ME-C9.7-HPSCR,MAN B&W,6S50,ME-C,9.7,,HPSCR,,MAN BW,6S50::9.7
38,9521813,AMNS POLAR,STX MAN B&W,,MAN B&W,,,,,,,MAN BW,
39,9269063,AN LI,HYUNDAI MAN B&W,6S70MC MARK 6,MAN B&W,6S70,MC-C,6,,,,MAN BW,6S70::6
40,9269063,AN LI,HYUNDAI MAN B&W,6S70MC (MK 6),MAN B&W,6S70,MC-C,6,,,,MAN BW,6S70::6
41,9587350,ANABELA,,,,,,,,,,,
42,9544152,ANNE METTE BULKER,HITACHI MAN B&W,6S46MC-C7,MAN B&W,6S46,MC-C,7,,,,MAN BW,6S46::7
43,9728215,AOM BIANCA,MITSUI-MAN B&W,6S60ME-C8.2,MAN B&W,6S60,ME-C,8.2,,,,MAN BW,6S60::8.2
44,9870460,AOM FEDERICA,CSSC MES MAN B&W,6S60ME-C8.2,MAN B&W,6S60,ME-C,8.2,,,,MAN BW,6S60::8.2
45,9760005,AOM MARTA,HITACHI-MAN B&W,7S65ME-C MK8.5,MAN B&W,7S65,ME-C,8.5,,,,MAN BW,7S65::8.5
46,9532795,APL ANTWERP,MITSUI MAN B&W,11K98ME-C MARK 7,MAN B&W,11K98,ME-C,7,,,,MAN BW,11K98::7
47,9350044,APL CALIFORNIA,MITSUI MAN B&W,11K98MC,MAN B&W,11K98,MC,,,,,MAN BW,11K98
48,9350032,APL FLORIDA,MITSUI MAN B&W,11K98MC,MAN B&W,11K98,MC,,,,,MAN BW,11K98
49,9362372,ARIES PEARL,3 MAJ SULZER,7RTA48T-B,Others,,,,,,,Others,
50,9281695,ASIA DAWN,DIESEL UNITED SULZER,7RTA84TB,Others,,,,,,,Others,
51,9409053,ATHENS BRIDGE,HYUNDAI WARTSILA,10RT FLEX82C,Others,,,,,,,Others,
52,9451147,ATLANTIC BEAR,CMD MAN B&W,6G70ME-C MARK 9.5,MAN B&W,6G70,ME-C,9.5,,,,MAN BW,6G70::9.5
53,9874600,ATLANTIC DRAGON,CMD MAN B&W,6G70ME-C MARK 9.5,MAN B&W,6G70,ME-C,9.5,,,,MAN BW,6G70::9.5
54,9880867,ATLANTIC LION,CMD MAN B&W,6G70ME-C MARK 9.5,MAN B&W,6G70,ME-C,9.5,,,,MAN BW,6G70::9.5
55,9874612,ATLANTIC TIGER,CMD MAN B&W,6G70ME-C MARK 9.5,MAN B&W,6G70,ME-C,9.5,,,,MAN BW,6G70::9.5
56,9800702,AYOE,MITSUI MAN B&W,6S50ME-B MARK 9.5,MAN B&W,6S50,ME-B,9.5,,,,MAN BW,6S50::9.5
57,9878826,BABYLON,HYUNDAI MAN B&W,7G80ME-C9.5,MAN B&W,7G80,ME-C,9.5,,,,MAN BW,7G80::9.5
58,9469259,BALTIC BEAR,HYUNDAI - MAN B&W,6S70MC6,MAN B&W,6S70,MC-C,6,,,,MAN BW,6S70::6
59,9290488,BALTIC BRIDGE,HYUNDAI MAN B&W,12K98MC,MAN B&W,12K98,MC,,,,,MAN BW,12K98
60,9729489,BALTIC MANTIS,DMD-MAN B&W,5S60ME-C8.2,MAN B&W,5S60,ME-C,8.2,,,,MAN BW,5S60::8.2
61,9729477,BALTIC SCORPION,DMD-MAN B&W,5S60ME-C8.2,MAN B&W,5S60,ME-C,8.2,,,,MAN BW,5S60::8.2
62,9463281,BALTIC SOUTH,HYUNDAI WARTSILA,10RT FLEX82C,Others,,,,,,,Others,
63,9409041,BALTIC WEST,HYUNDAI WARTSILA,8RT FLEX82C,Others,,,,,,,Others,
64,9492335,BALTIC WOLF,CSSC MES DIESEL CO. LTD.,6S70MC (Mark VI),MAN B&W,6S70,MC-C,VI,,,,MAN BW,6S70::VI
65,9565510,BAO MIN,CMD MAN B&W,6S80MC-C (MK 7),MAN B&W,6S80,MC-C,7,,,,MAN BW,6S80::7
66,9985617,BASIC SUN,DIESEL UNITED CO. LTD.,6X52,Others,,,,,,,Others,
67,9858060,BASSET,MITSUI MAN B&W,6S50ME-B9.5,MAN B&W,6S50,ME-B,9.5,,,,MAN BW,6S50::9.5
68,9431173,BASTIONS,MITSUI-MAN B&W,6S60MC-C,MAN B&W,6S60,MC-C,,,,,MAN BW,6S60
69,9814181,BEAGLE,MITSUI MAN B&W,6S50ME-B9.5,MAN B&W,6S50,ME-B,9.5,,,,MAN BW,6S50::9.5
70,9463293,BEAR MOUNTAIN BRIDGE,HYUNDAI WARTSILA,10RT FLEX82C,Others,,,,,,,Others,
71,9431185,BELLEVUE,MITSUI-MAN B&W,6S60MC-C,MAN B&W,6S60,MC-C,,,,,MAN BW,6S60
72,9746695,BENFICA,MITSUI MAN B&W,6S60ME-C8.2,MAN B&W,6S60,ME-C,8.2,,,,MAN BW,6S60::8.2
73,9439046,BENITAMOU,MITSUI MAN B&W,6S70MC-C,MAN B&W,6S70,MC-C,,,,,MAN BW,6S70
74,9932725,BENTEN GALAXY,JAPAN ENGINE CORP.,6UEC42LSH-ECO-D3,Others,,,,,,,Others,
75,9558294,BERGE NYANGANI,MITSUI MAN B&W,7S65ME-C,MAN B&W,7S65,ME-C,,,,,MAN BW,7S65
76,9788576,BLUE BUTTERFLY,MITSUI MAN B&W,6S50ME-B MARK 9.5,MAN B&W,6S50,ME-B,9.5,,,,MAN BW,6S50::9.5
77,9905411,BLUE GRASS MARINER,HYUNDAI MAN B&W,6G50ME-C9.5,MAN B&W,6G50,ME-C,9.5,,,,MAN BW,6G50::9.5
78,9603415,BLUE HORIZON,CMD MAN B&W,7S70MC-C,MAN B&W,7S70,MC-C,,,,,MAN BW,7S70
79,9397808,BLUEFIN PEARL,MITSUI MAN B&W,7S60MC,MAN B&W,7S60,MC-C,,,,,MAN BW,7S60
80,9359818,BOSPHORUS - M,MITSUI MAN B&W,6S50MC-C (MK 7),MAN B&W,6S50,MC-C,7,,,,MAN BW,6S50::7
81,9952141,BOW CHEETAH,MAKITA MAN B&W,6S46ME-B8.5 (TIER�II),MAN B&W,6S46,ME-B,8.5,TIER II,,,MAN BW,6S46::8.5
82,9989211,BOW COUGAR,MAKITA MITSUI MAN B&W,6S46ME-B8.5-HPSCR,MAN B&W,6S46,ME-B,8.5,,HPSCR,,MAN BW,6S46::8.5
83,9989209,BOW JAGUAR,MAKITA MITSUI MAN B&W,6S46ME-B8.5-HPSCR,MAN B&W,6S46,ME-B,8.5,,HPSCR,,MAN BW,6S46::8.5
84,9952165,BOW LEOPARD,MAKITA MAN B&W,6S46ME-B8.5 (TIER�II),MAN B&W,6S46,ME-B,8.5,TIER II,,,MAN BW,6S46::8.5
85,9952177,BOW LION,MAKITA MAN B&W,6S46ME-B8.5 (TIER�II),MAN B&W,6S46,ME-B,8.5,TIER II,,,MAN BW,6S46::8.5
86,9989194,BOW LYNX,MAKITA MITSUI MAN B&W,6S46ME-B8.5-HPSCR,MAN B&W,6S46,ME-B,8.5,,HPSCR,,MAN BW,6S46::8.5
87,9952153,BOW PANTHER,MAKITA MAN B&W,6S46ME-B8.5 (TIER�II),MAN B&W,6S46,ME-B,8.5,TIER II,,,MAN BW,6S46::8.5
88,9790658,BOW PERFORMER,MITSUI MAN B&W,6S50ME-B9.5,MAN B&W,6S50,ME-B,9.5,,,,MAN BW,6S50::9.5
89,9790646,BOW PRECISION,MITSUI MAN B&W,6S50ME-B9.5,MAN B&W,6S50,ME-B,9.5,,,,MAN BW,6S50::9.5
90,9989223,BOW TIGER,MAKITA MITSUI MAN B&W,6S46ME-B8.5-HPSCR,MAN B&W,6S46,ME-B,8.5,,HPSCR,,MAN BW,6S46::8.5
91,9814193,BOXER,MITSUI MAN B&W,6S50ME-B9.5,MAN B&W,6S50,ME-B,9.5,,,,MAN BW,6S50::9.5
92,9360233,BRIGHT PIONEER,HITACHI MAN B&W,6S90MC-C,MAN B&W,6S90,MC-C,,,,,MAN BW,6S90
93,9290311,BRYANSTON,HYUNDAI MAN B&W,6S60MC-C,MAN B&W,6S60,MC-C,,,,,MAN BW,6S60
94,9683130,BULK ATACAMA,MITSUI MAN B&W,6S50ME-C8.2,MAN B&W,6S50,ME-C,8.2,,,,MAN BW,6S50::8.2
95,9445772,BULK DENMARK,MITSUI-MAN B&W,6S70MC-C,MAN B&W,6S70,MC-C,,,,,MAN BW,6S70
96,9691577,BULK FINLAND,MITSUI MAN B&W,6S60ME-C MARK 7.1,MAN B&W,6S60,ME-C,7.1,,,,MAN BW,6S60::7.1
97,9875111,BULK GINZA,MITSUI-MAN B&W,6G70ME-C9.5,MAN B&W,6G70,ME-C,9.5,,,,MAN BW,6G70::9.5
98,9746700,BULK HOLLAND,MITSUI MAN B&W,6S60ME-C8.2,MAN B&W,6S60,ME-C,8.2,,,,MAN BW,6S60::8.2
99,9682863,BULK POLAND,MITSUI MAN B&W,6S60MC-C (MARK7),MAN B&W,6S60,MC-C,7,,,,MAN BW,6S60::7
100,9391440,BULL SHARK,HYUNDAI MAN B&W,,MAN B&W,,,,,,,MAN BW,
101,9858072,BULLDOG,MITSUI MAN B&W,6S50ME-B9.5,MAN B&W,6S50,ME-B,9.5,,,,MAN BW,6S50::9.5
102,9768033,BUNUN KALON,MAKITA MITSUI MAN B&W,6S50ME-C8.2,MAN B&W,6S50,ME-C,8.2,,,,MAN BW,6S50::8.2
103,9894624,BUNUN ORCHID,MAKITA MITSUI MAN B&W,6S50ME-C8.2,MAN B&W,6S50,ME-C,8.2,,,,MAN BW,6S50::8.2
104,9912438,BUNUN QUEEN,MITSUI MAN B&W,6S46ME-B8.5,MAN B&W,6S46,ME-B,8.5,,,,MAN BW,6S46::8.5
105,9628568,BUNUN WISDOM,MAKITA MITSUI MAN B&W,6S46MC-C (MARK 7),MAN B&W,6S46,MC-C,7,,,,MAN BW,6S46::7
106,9959307,BUNUN XCEL,MAKITA MITSUI MAN B&W,6G45ME-C9.7-HPSCR,MAN B&W,6G45,ME-C,9.7,,HPSCR,,MAN BW,6G45::9.7
107,9959319,BUNUN YOUTH,MAKITA MITSUI MAN B&W,6G45ME-C9.7-HPSCR,MAN B&W,6G45,ME-C,9.7,,HPSCR,,MAN BW,6G45::9.7
108,9979058,BUNUN ZEST,MAKITA MITSUI MAN B&W,6G45ME-C9.7-HPSCR,MAN B&W,6G45,ME-C,9.7,,HPSCR,,MAN BW,6G45::9.7
109,9552824,BW BARLEY,KAWASAKI MAN B&W,6S60MC-C,MAN B&W,6S60,MC-C,,,,,MAN BW,6S60
110,9320740,BW BIRCH,HYUNDAI MAN B&W,6S60ME-C,MAN B&W,6S60,ME-C,,,,,MAN BW,6S60
111,9208239,PAMIR,KAWASAKI MAN B&W,5S70MC-MK VI,MAN B&W,5S70,MC,6,,,,MAN BW,5S70::6
112,9687124,BELMONTE ,KAWASAKI MAN B&W,5S60MC-C7,MAN B&W,5S60,MC-C,7,,,,MAN BW,5S60::7
113,9320738,BW CEDAR,HYUNDAI MAN B&W,6S60ME-C,MAN B&W,6S60,ME-C,,,,,MAN BW,6S60
114,9320752,BW ELM,HYUNDAI HEAVY INDUSTRIES CO. LTD.,6S60ME-C,MAN B&W,6S60,ME-C,,,,,MAN BW,6S60
115,9836438,BW JAPAN,MITSUI MAN B&W,6S60ME-C8.2,MAN B&W,6S60,ME-C,8.2,,,,MAN BW,6S60::8.2
116,9810032,BW KIZOKU,MITSUI MAN B&W,7S60ME-C8.5,MAN B&W,7S60,ME-C,8.5,,,,MAN BW,7S60::8.5
117,9350604,BW LORD,DOOSAN MAN B&W,6S60MC-C,MAN B&W,6S60,MC-C,,,,,MAN BW,6S60
118,9350604,BW LORD,MAN B&W,6S60MC-C,MAN B&W,6S60,MC-C,,,,,MAN BW,6S60
119,9350290,BW LOYALTY,STX HEAVY INDUSTRIES CO. LTD.,6S60MC-C,MAN B&W,6S60,MC-C,,,,,MAN BW,6S60
120,9735062,BW MESSINA,HYUNDAI MAN B&W,6G60ME-C MARK 9.2,MAN B&W,6G60,ME-C,9.2,,,,MAN BW,6G60::9.2
121,9423322,APOLLO OCEAN,MITSUBISHI HEAVY INDUSTRIES LTD.,7UEC60LS II,Others,,,,,,,Others,
122,9320764,BW OAK,HYUNDAI HEAVY INDUSTRIES CO. LTD.,6S60ME-C,MAN B&W,6S60,ME-C,,,,,MAN BW,6S60
123,9387762,BW ODIN,HYUNDAI MAN B&W,6S60MC-C,MAN B&W,6S60,MC-C,,,,,MAN BW,6S60
124,9479929,BW PINE,KAWASAKI HEAVY INDUSTRIES LTD.,7S60MC-C7,MAN B&W,7S60,MC-C,7,,,,MAN BW,7S60::7
125,9770634,AMALIA,MITSUI MAN B&W,6S60ME-C8.2,MAN B&W,6S60,ME-C,8.2,,,,MAN BW,6S60::8.2
126,9346134,BW THOR,HYUNDAI MAN B&W,6S60MC-C,MAN B&W,6S60,MC-C,,,,,MAN BW,6S60
127,9306548,FOTIS,HSD SULZER,7RTA62U-B,Others,,,,,,,Others,
128,9346122,BW TYR,HYUNDAI MAN B&W,6S60MC-C,MAN B&W,6S60,MC-C,,,,,MAN BW,6S60
129,9810044,BW YUSHI,MITSUI MAN B&W,7S60ME-C8.5,MAN B&W,7S60,ME-C,8.5,,,,MAN BW,7S60::8.5
130,9929651,C EARNEST,HSD MAN B&W,7G80ME-C9.5-TIII,MAN B&W,7G80,ME-C,9.5,TIER III,,,MAN BW,7G80::9.5
131,9929663,C GENUINE,HSD MAN B&W,7G80ME-C9.5-TIII,MAN B&W,7G80,ME-C,9.5,TIER III,,,MAN BW,7G80::9.5
132,9855422,CANADIAN BULKER,YMD MAN B&W,5S50ME-B9.3,MAN B&W,5S50,ME-B,9.3,,,,MAN BW,5S50::9.3
133,9956874,CANON TRADER,CMD MAN B&W,6S60ME-C10.5,MAN B&W,6S60,ME-C,10.5,,,,MAN BW,6S60::10.5
134,9633939,CAP SAN ARTEMISSIO,HYUNDAI MAN B&W,7S90ME-C MARK 9.2,MAN B&W,7S90,ME-C,9.2,,,,MAN BW,7S90::9.2
135,9633941,CAP SAN MALEAS,HYUNDAI MAN B&W,7S90ME-C MARK 9.2,MAN B&W,7S90,ME-C,9.2,,,,MAN BW,7S90::9.2
136,9633953,CAP SAN SOUNIO,HYUNDAI MAN B&W,7S90ME-C MARK 9.2,MAN B&W,7S90,ME-C,9.2,,,,MAN BW,7S90::9.2
137,9633965,CAP SAN TAINARO,HYUNDAI MAN B&W,7S90ME-C MARK 9.2,MAN B&W,7S90,ME-C,9.2,,,,MAN BW,7S90::9.2
138,9344289,CAPE ZHONGTUO,KAWASAKI MAN B&W,6S70MC-C,MAN B&W,6S70,MC-C,,,,,MAN BW,6S70
139,9478597,CARINA,HITACHI MAN B&W,6S50MC-C (MK 7),MAN B&W,6S50,MC-C,7,,,,MAN BW,6S50::7
140,9484704,CARL OLDENDORFF,HYUNDAI MAN B&W,6S60MC-C MK7,MAN B&W,6S60,MC-C,7,,,,MAN BW,6S60::7
141,9834155,CASTARA,HYUNDAI MAN B&W,6G50ME-C9.5 (TIER II),MAN B&W,6G50,ME-C,9.5,TIER II,,,MAN BW,6G50::9.5
142,9582489,CECILIA B,MITSUI-MAN B&W,6S60MC-C,MAN B&W,6S60,MC-C,,,,,MAN BW,6S60
143,9591571,CEDRIC OLDENDORFF,MITSUI-MAN B&W,6S60MC-C (MARK-7),MAN B&W,6S60,MC-C,7,,,,MAN BW,6S60::7
144,9697416,CEZANNE,HYUNDAI MAN B&W,9S90ME-C MARK 9.2,MAN B&W,9S90,ME-C,9.2,,,,MAN BW,9S90::9.2
145,9254070,CHAPEL,MITSUI MAN B&W,6S50MC MARK 6,MAN B&W,6S50,MC-C,6,,,,MAN BW,6S50::6
146,9570852,CHARLOTTE OLDENDORFF,DOOSAN-MAN B&W,6S60MC MK6,MAN B&W,6S60,MC-C,6,,,,MAN BW,6S60::6
147,9777424,CHEMOCEAN LEO,JAPAN ENGINE CORP.,5UEC50LSH-ECO-C2,Others,,,,,,,Others,
148,9777412,CHEMOCEAN ORION,JAPAN ENGINE CORP.,5UEC50LSH-ECO-C2,Others,,,,,,,Others,
149,9855434,CHILEAN BULKER,YMD MAN B&W,5S50ME-B9.3,MAN B&W,5S50,ME-B,9.3,,,,MAN BW,5S50::9.3
150,1021673,CHINOOK I,,,,,,,,,,,
151,9537898,CHRISTINE OLDENDORFF,HYUNDAI-MAN B&W,6S60MC-C,MAN B&W,6S60,MC-C,,,,,MAN BW,6S60
152,9360960,CITY ISLAND,HITACHI MAN B&W,6S42MC MK6,MAN B&W,6S42,MC-C,6,,,,MAN BW,6S42::6
153,9953286,CL CHANGSHA,MAN B&W,6S50ME-C9.7 HPSCR,MAN B&W,6S50,ME-C,9.7,,HPSCR,,MAN BW,6S50::9.7
154,9953327,CL GANJIANG,HHM MAN B&W,6S50ME-C9.7,MAN B&W,6S50,ME-C,9.7,,,,MAN BW,6S50::9.7
155,9953353,CL HUAIHUA,HHM MAN B&W,6S50ME-C9.7,MAN B&W,6S50,ME-C,9.7,,,,MAN BW,6S50::9.7
156,9747302,CL LIANYUNGANG,HHM MAN B&W,6S60ME-C8.2 (TIER II),MAN B&W,6S60,ME-C,8.2,TIER II,,,MAN BW,6S60::8.2
157,9943580,CL LUZHOU,HHM MAN B&W,6S50ME-B9.3,MAN B&W,6S50,ME-B,9.3,,,,MAN BW,6S50::9.3
158,9977361,CL MAOMING,HHM MAN B&W,6S50ME-C9.7,MAN B&W,6S50,ME-C,9.7,,,,MAN BW,6S50::9.7
159,9953303,CL SHANGGAO,HHM MAN B&W,6S50ME-C9.7,MAN B&W,6S50,ME-C,9.7,,,,MAN BW,6S50::9.7
160,9953341,CL SHAOYANG,HHM MAN B&W,6S50ME-C9.7,MAN B&W,6S50,ME-C,9.7,,,,MAN BW,6S50::9.7
161,9953315,CL XIANGTAN,HHM MAN B&W,6S50ME-C9.7,MAN B&W,6S50,ME-C,9.7,,,,MAN BW,6S50::9.7
162,9938810,CL XINYU,HHM MAN B&W,6S60ME-C10.5-HPSCR,MAN B&W,6S60,ME-C,10.5,,HPSCR,,MAN BW,6S60::10.5
163,9943578,CL XUCHANG,HHM MAN B&W,6S50ME-B9.3,MAN B&W,6S50,ME-B,9.3,,,,MAN BW,6S50::9.3
164,9977373,CL YANGJIANG,HHM MAN B&W,6S50ME-C9.7,MAN B&W,6S50,ME-C,9.7,,,,MAN BW,6S50::9.7
165,9703265,CL YANGZHOU,DOOSAN ENGINE CO. LTD.,6S60ME-C8.2 (TIER II),MAN B&W,6S60,ME-C,8.2,TIER II,,,MAN BW,6S60::8.2
166,9953365,CL ZHANGJIAJIE,HHM MAN B&W,6S50ME-C9.7,MAN B&W,6S50,ME-C,9.7,,,,MAN BW,6S50::9.7
167,9977359,CL ZHANJIANG,HHM MAN B&W,6S50ME-C9.7,MAN B&W,6S50,ME-C,9.7,,,,MAN BW,6S50::9.7
168,9916604,CLEAROCEAN GINKGO,HYUNDAI MAN B&W,6G50ME-C9.6,MAN B&W,6G50,ME-C,9.6,,,,MAN BW,6G50::9.6
169,9916616,CLEAROCEAN HICKORY,HYUNDAI MAN B&W,6G50ME-C9.6,MAN B&W,6G50,ME-C,9.6,,,,MAN BW,6G50::9.6
170,9919163,CLEAROCEAN MESQUITE,HYUNDAI MAN B&W,6G50ME-C9.6,MAN B&W,6G50,ME-C,9.6,,,,MAN BW,6G50::9.6
171,8913174,CNTIC VPOWER ENERGY,,,,,,,,,,,
172,9696735,CNTIC VPOWER GLOBAL,WARTSILA CORP.,9L50DF,Others,,,,,,,Others,
173,9459230,COETIVY,MITSUI MAN B&W,6S50MC-C,MAN B&W,6S50,MC-C,,,,,MAN BW,6S50
174,9295037,COMPASSION,DMD MAN B&W,6S60MC,MAN B&W,6S60,MC-C,,,,,MAN BW,6S60
175,9537903,CONRAD OLDENDORFF,HYUNDAI-MAN B&W,6S60MC-C,MAN B&W,6S60,MC-C,,,,,MAN BW,6S60
176,9622916,CORA OLDENDORFF,HYUNDAI MAN B&W,6S60MC-C MK7,MAN B&W,6S60,MC-C,7,,,,MAN BW,6S60::7
177,9397793,CORAL PEARL,MITSUI MAN B&W,7S60MC,MAN B&W,7S60,MC-C,,,,,MAN BW,7S60
178,9511014,COREFORTUNE OL,MITSUI MAN B&W,6S50ME-B9.3,MAN B&W,6S50,ME-B,9.3,,,,MAN BW,6S50::9.3
179,9519212,COREOCEAN OL,MAKITA MITSUI MAN B&W,6S42MC (MK VI),MAN B&W,6S42,MC-C,6,,,,MAN BW,6S42::6
180,9692741,CORESKY OL,MAKITA MITSUI MAN B&W,6S46ME-B8.3,MAN B&W,6S46,ME-B,8.3,,,,MAN BW,6S46::8.3
181,9498846,CORNELIE OLDENDORFF,HYUNDAI-MAN B&W,6S60MC6,MAN B&W,6S60,MC-C,6,,,,MAN BW,6S60::6
182,9335056,COURAGE,HYUNDAI MAN B&W,6S50MC-C (MK7),MAN B&W,6S50,MC-C,7,,,,MAN BW,6S50::7
183,9418406,CPG ALIX,WARTSILA CORP.,8L20C3,Others,,,,,,,Others,
184,9727429,CRIMSON ACE,MITSUI MAN B&W,6S60ME-C8.2,MAN B&W,6S60,ME-C,8.2,,,,MAN BW,6S60::8.2
185,9944974,CRISTOBAL,HYUNDAI MAN B&W,6G60ME-C10.5-LGIP,MAN B&W,6G60,ME-C,10.5,,,LGIP,MAN BW,6G60::10.5
186,9993509,CRYSTAL ETERNITY,STX MAN B&W,6G50ME-C9.6-HPSCR,MAN B&W,6G50,ME-C,9.6,,HPSCR,,MAN BW,6G50::9.6
187,9746164,CUTLASS GALAXY,MAKITA MITSUI MAN B&W,6S42MC7.1,MAN B&W,6S42,MC-C,7.1,,,,MAN BW,6S42::7.1
188,9164677,D AND K I,MITSUI MAN B&W,6S50MC,MAN B&W,6S50,MC-C,,,,,MAN BW,6S50
189,9399624,D AND K YUSUF I. AL-GHANIM,STX MAN B&W,6S50MC-C (MK 7),MAN B&W,6S50,MC-C,7,,,,MAN BW,6S50::7
190,9709336,DAIWAN HERO,MAKITA MITSUI MAN B&W,6S46ME-B8.3,MAN B&W,6S46,ME-B,8.3,,,,MAN BW,6S46::8.3
191,9709348,DAIWAN INFINITY,MAKITA MITSUI MAN B&W,6S46ME-B8.3,MAN B&W,6S46,ME-B,8.3,,,,MAN BW,6S46::8.3
192,9709324,DAIWAN KALON,MAKITA MITSUI MAN B&W,6S46ME-B8.3,MAN B&W,6S46,ME-B,8.3,,,,MAN BW,6S46::8.3
193,9427134,DAIWAN WISDOM,KOBE DIESEL MITSUBISHI CO. LTD.,6UEC45LSE,Others,,,,,,,Others,
194,9697428,DALI,HYUNDAI MAN B&W,9S90ME-C MARK 9.2,MAN B&W,9S90,ME-C,9.2,,,,MAN BW,9S90::9.2
195,9367750,DEE4 ELM,MITSUI MAN B&W,6S50MC MARK -6,MAN B&W,6S50,MC-C,6,,,,MAN BW,6S50::6
196,9922093,DEE4 ILEX,HYUNDAI MAN B&W,6G50ME-C9.6,MAN B&W,6G50,ME-C,9.6,,,,MAN BW,6G50::9.6
197,9930923,DEE4 JUNIPER,HYUNDAI MAN B&W,6G50ME-C9.6,MAN B&W,6G50,ME-C,9.6,,,,MAN BW,6G50::9.6
198,9933638,DEE4 KASTANIA,HYUNDAI MAN B&W,6G50ME-C9.6,MAN B&W,6G50,ME-C,9.6,,,,MAN BW,6G50::9.6
199,9697909,DEE4 LARCH,HYUNDAI MAN B&W,6G50ME-B MARK 9.3,MAN B&W,6G50,ME-B,9.3,,,,MAN BW,6G50::9.3
200,9697909,DEE4 LARCH,HYUNDAI MAN B&W,6G50ME-B9.3,MAN B&W,6G50,ME-B,9.3,,,,MAN BW,6G50::9.3
201,9942500,DEE4 MAHOGANY,HYUNDAI MAN B&W,6G50ME-C9.6,MAN B&W,6G50,ME-C,9.6,,,,MAN BW,6G50::9.6
202,9929821,DEE4 NERIUM,HYUNDAI MAN B&W,6G50ME-C9.6,MAN B&W,6G50,ME-C,9.6,,,,MAN BW,6G50::9.6
203,9258674,ENI,HYUNDAI MAN B&W,6S50MC (MARK VI),MAN B&W,6S50,MC-C,6,,,,MAN BW,6S50::6
204,9993468,DIAMOND ETERNITY,STX MAN B&W,6G50ME-C9.6-HPSCR,MAN B&W,6G50,ME-C,9.6,,HPSCR,,MAN BW,6G50::9.6
205,9829629,DIJILAH,DOOSAN MAN B&W,7G80ME-C MARK 9.5,MAN B&W,7G80,ME-C,9.5,,,,MAN BW,7G80::9.5
206,9700213,DK ABDUL RAZZAK KHALID ZAID AL-KHALID,STX MAN B&W,6G50ME-B MARK 9.3,MAN B&W,6G50,ME-B,9.3,,,,MAN BW,6G50::9.3
207,9700213,DK ABDUL RAZZAK KHALID ZAID AL-KHALID,STX MAN B&W,6G50ME-B9.3,MAN B&W,6G50,ME-B,9.3,,,,MAN BW,6G50::9.3
208,9419747,DONG-A METIS,STX MAN B&W,6S60MC-C(MK 8),MAN B&W,6S60,MC-C,8,,,,MAN BW,6S60::8
209,9682966,DOUBLE MIRACLE,MITSUI-MAN B&W,6S60ME-C8.2,MAN B&W,6S60,ME-C,8.2,,,,MAN BW,6S60::8.2
210,9582996,DREAM STAR,MITSUI-MAN B&W,6S60MC-C (MARK-7),MAN B&W,6S60,MC-C,7,,,,MAN BW,6S60::7
211,9553220,EASTERN GARDENIA,HYUNDAI MAN B&W,6S50MC-C7,MAN B&W,6S50,MC-C,7,,,,MAN BW,6S50::7
212,9948023,EASTERN HEATHER,HHM MAN B&W,6S60ME-C10.5-TIII HPSCR,MAN B&W,6S60,ME-C,10.5,TIER III,HPSCR,,MAN BW,6S60::10.5
213,9435052,EASTERN XANTHINA,HYUNDAI MAN B&W,6S70MC (MK 6),MAN B&W,6S70,MC-C,6,,,,MAN BW,6S70::6
214,9989261,ECO TRADER,CSSC MAN B&W,5S50ME-C9.7-HPSCR,MAN B&W,5S50,ME-C,9.7,,HPSCR,,MAN BW,5S50::9.7
215,9491666,EFFICIENCY OL,AKASAKA MITSUBISHI DIESELS LTD.,6UEC45LSE,Others,,,,,,,Others,
216,9323895,EGE M,DIESEL UNITED CO. LTD.,6RT-FLEX50,Others,,,,,,,Others,
217,9767522,EHIME QUEEN,MITSUI MAN B&W,6S70ME-C MARK 8.2,MAN B&W,6S70,ME-C,8.2,,,,MAN BW,6S70::8.2
218,9479204,EIBHLIN,HITACHI-MAN B&W,7S65ME-C MK7,MAN B&W,7S65,ME-C,7,,,,MAN BW,7S65::7
219,9425564,EMERALD EXPRESS,MITSUI MAN B&W,6S50MC MARK 6,MAN B&W,6S50,MC-C,6,,,,MAN BW,6S50::6
220,9425564,EMERALD EXPRESS,MITSUI MAN B&W,6S50MC MARK -6,MAN B&W,6S50,MC-C,6,,,,MAN BW,6S50::6
221,9497177,CLIPPER AEGINA,YMD MAN B&W,6S42MC MARK 7,MAN B&W,6S42,MC-C,7,,,,MAN BW,6S42::7
222,9759991,EMPEROR PAMPERO,HITACHI-MAN B&W,7S65ME-C MK8.5,MAN B&W,7S65,ME-C,8.5,,,,MAN BW,7S65::8.5
223,9871787,EMPRESS ZONDA,HITACHI-MAN B&W,7S65ME-C MK8.5,MAN B&W,7S65,ME-C,8.5,,,,MAN BW,7S65::8.5
224,9935492,ENEOS EXPLORER,HYUNDAI MAN B&W,6G60ME-C10.5,MAN B&W,6G60,ME-C,10.5,,,,MAN BW,6G60::10.5
225,9328560,EPICURUS,HITACHI ZOSEN MAN B&W,6S60MC (MK VI),MAN B&W,6S60,MC-C,6,,,,MAN BW,6S60::6
226,9328560,EPICURUS,HITACHI ZOSEN MAN B&W,6S60MC (MARK VI),MAN B&W,6S60,MC-C,VI,,,,MAN BW,6S60::VI
227,9353888,EASTERN LIGHT,MAK CATERPILLAR,9M32C,Others,,,,,,,Others,
228,9289166,ESPERANZA,STX HEAVY INDUSTRIES CO. LTD.,8S60 ME-C(MK8),MAN B&W,8S60,ME-C,8,,,,MAN BW,8S60::8
229,9425851,ETERNITY SW,MITSUI MAN B&W,6S50MC-C,MAN B&W,6S50,MC-C,,,,,MAN BW,6S50
230,9232060,ETOILE,MITSUI MAN B&W,6S70MC (Mark-6),MAN B&W,6S70,MC-C,6,,,,MAN BW,6S70::6
231,9972452,EVA GLOBAL,CSSC MAN B&W,5S50ME-C9.7-HPSCR,MAN B&W,5S50,ME-C,9.7,,HPSCR,,MAN BW,5S50::9.7
232,9972440,EVA ISTANBUL,CSSC MAN B&W,5S50ME-C9.7-HPSCR,MAN B&W,5S50,ME-C,9.7,,HPSCR,,MAN BW,5S50::9.7
233,9972646,EVA LINDEN,STX MAN B&W,6G50ME-C9.6 TIER III HPSCR & EGB,MAN B&W,6G50,ME-C,9.6,TIER III,HPSCR & EGB,,MAN BW,6G50::9.6
234,9972634,EVA RICHMOND,STX MAN B&W,6G50ME-C9.6 TIER III HPSCR & EGB,MAN B&W,6G50,ME-C,9.6,TIER III,HPSCR & EGB,,MAN BW,6G50::9.6
235,9786827,EVER GIFTED,MITSUI MAN B&W,11G95ME-C MARK 9.5,MAN B&W,11G95,ME-C,9.5,,,,MAN BW,11G95::9.5
236,9786841,EVER GLOBE,MITSUI MAN B&W,11G95ME-C MARK 9.5,MAN B&W,11G95,ME-C,9.5,,,,MAN BW,11G95::9.5
237,9820855,EVER GRADE,MITSUI MAN B&W,11G95ME-C MARK 9.5,MAN B&W,11G95,ME-C,9.5,,,,MAN BW,11G95::9.5
238,9832729,EVER GREET,MITSUI MAN B&W,11G95ME-C MARK 9.5,MAN B&W,11G95,ME-C,9.5,,,,MAN BW,11G95::9.5
239,9902873,EVERGREEN MARINER,HYUNDAI MAN B&W,6G50ME-C9.5,MAN B&W,6G50,ME-C,9.5,,,,MAN BW,6G50::9.5
240,9798648,FAIRCHEM CONQUEST,HITACHI MAN B&W,6S40ME-B9.3,MAN B&W,6S40,ME-B,9.3,,,,MAN BW,6S40::9.3
242,9800441,FAIRCHEM ENDURANCE,MAKITA MITSUI MAN B&W,6S46ME-B MARK 8.5,MAN B&W,6S46,ME-B,8.5,,,,MAN BW,6S46::8.5
243,9805910,FAIRCHEM FORTITUDE,MAKITA MITSUI MAN B&W,6S46ME-B MARK 8.5,MAN B&W,6S46,ME-B,8.5,,,,MAN BW,6S46::8.5
244,9791183,FAIRCHEM LOYALTY,JAPAN ENGINE CORP.,6UEC45LSE-1,Others,,,,,,,Others,
245,9758090,FAIRCHEM SUCCESS,KOBE DIESEL MITSUBISHI CO. LTD.,6UEC45LSE-1,Others,,,,,,,Others,
246,9758038,FAIRCHEM TRIUMPH,KOBE DIESEL MITSUBISHI CO. LTD.,6UEC45LSE-1,Others,,,,,,,Others,
247,9791195,FAIRCHEM VALOR,JAPAN ENGINE CORP.,6UEC45LSE-1,Others,,,,,,,Others,
248,9773179,BOW VICTORY,HITACHI MAN B&W,6S40ME-B9.3,MAN B&W,6S40,ME-B,9.3,,,,MAN BW,6S40::9.3
249,9290402,FELIXSTOWE,HYUNDAI SULZER,8RTA96C-B,Others,,,,,,,Others,
250,9989730,FIRST DELPHINUS,HITACHI-MAN B&W,7S65ME-C8.5,MAN B&W,7S65,ME-C,8.5,,,,MAN BW,7S65::8.5
251,9974084,FIRST FALCON,HITACHI-MAN B&W,7S65ME-C MK8.5,MAN B&W,7S65,ME-C,8.5,,,,MAN BW,7S65::8.5
252,9511947,FRONTIER BONANZA,HYUNDAI MAN B&W,6S70MC-C (MK7),MAN B&W,6S70,MC-C,7,,,,MAN BW,6S70::7
253,9610119,FRONTIER LEADER,KAWASAKI MAN B&W,5S60MC-C (MK7),MAN B&W,5S60,MC-C,7,,,,MAN BW,5S60::7
254,9902847,FRONTIER MARINER,HYUNDAI MAN B&W,6G50ME-C9.5-HPSCR,MAN B&W,6G50,ME-C,9.5,,HPSCR,,MAN BW,6G50::9.5
255,9604976,FRONTIER UNITY,MITSUI ENGINEERING & SHIPBUILDING CO. LTD.,6S70MC-C,MAN B&W,6S70,MC-C,,,,,MAN BW,6S70
256,9455791,GALUNGGUNG,WARTSILA CORP.,7RT-FLEX58T-B,Others,,,,,,,Others,
257,9524920,GAMALAMA,WARTSILA CORP.,7RT-FLEX58T-B,Others,,,,,,,Others,
258,9677313,GAMSUNORO,MITSUI MAN B&W,6S60MC-C8.2,MAN B&W,6S60,MC-C,8.2,,,,MAN BW,6S60::8.2
259,9609639,GARNET EXPRESS,HYUNDAI MAN B&W,6S50MC-C MARK 8.1,MAN B&W,6S50,MC-C,8.1,,,,MAN BW,6S50::8.1
260,9609639,GARNET EXPRESS,HYUNDAI MAN B&W,6S50MC-C8.1,MAN B&W,6S50,MC-C,8.1,,,,MAN BW,6S50::8.1
261,9710804,GAS AMBALAT,DAIHATSU DIESEL MFG. CO. LTD.,8DKM-28EL,Others,,,,,,,Others,
262,9525194,GAS ANTASENA,ZHENJIANG CME CO. LTD.,8L27/38,Others,,,,,,,Others,
263,9629421,GAS ARJUNA,DAIHATSU DIESEL MFG. CO. LTD.,8DKM-28EL,Others,,,,,,,Others,
264,9889552,GAS PLANET,KAWASAKI MAN B&W,7S60ME-C MARK 10.5,MAN B&W,7S60,ME-C,10.5,,,,MAN BW,7S60::10.5
265,9889552,GAS PLANET,KAWASAKI MAN B&W,7S60ME-C10.5,MAN B&W,7S60,ME-C,10.5,,,,MAN BW,7S60::10.5
266,9765562,GAS STELLA,MITSUI MAN B&W,7S60ME-C8.2,MAN B&W,7S60,ME-C,8.2,,,,MAN BW,7S60::8.2
267,9481697,GCL GANGA,STX MAN B&W,6S60MC-C (MK-VIII.1 TIER II),MAN B&W,6S60,MC-C,VIII.1,TIER II,,,MAN BW,6S60::VIII.1
268,9481697,GCL GANGA,STX MAN B&W,6S60MC-C (MK-VIII.1 TIER II),MAN B&W,6S60,MC-C,VIII,TIER II,,,MAN BW,6S60::VIII
269,9957488,GCL MOBILE,CSSC MES MAN B&W,6S60ME-C8.2,MAN B&W,6S60,ME-C,8.2,,,,MAN BW,6S60::8.2
270,9481685,GCL NARMADA,STX MAN B&W,6S60MC-C (MK-VIII.1 TIER II),MAN B&W,6S60,MC-C,VIII.1,TIER II,,,MAN BW,6S60::VIII.1
271,9481685,GCL NARMADA,STX MAN B&W,6S60MC-C (MK-VIII.1 TIER II),MAN B&W,6S60,MC-C,VIII,TIER II,,,MAN BW,6S60::VIII
272,9481661,GCL SABARMATI,STX MAN B&W,6S60MC-C (MK-VIII.1 TIER II),MAN B&W,6S60,MC-C,VIII.1,TIER II,,,MAN BW,6S60::VIII.1
273,9481661,GCL SABARMATI,STX MAN B&W,6S60MC-C (MK-VIII.1 TIER II),MAN B&W,6S60,MC-C,VIII,TIER II,,,MAN BW,6S60::VIII
274,9481659,GCL TAPI,STX MAN B&W,6S60MC-C (MK-VIII.1 TIER II),MAN B&W,6S60,MC-C,VIII.1,TIER II,,,MAN BW,6S60::VIII.1
275,9481659,GCL TAPI,STX MAN B&W,6S60MC-C (MK-VIII.1 TIER II),MAN B&W,6S60,MC-C,VIII,TIER II,,,MAN BW,6S60::VIII
276,9481219,GCL YAMUNA,STX MAN B&W,6S60MC-C (MK-VIII.1 TIER II),MAN B&W,6S60,MC-C,VIII.1,TIER II,,,MAN BW,6S60::VIII.1
277,9481219,GCL YAMUNA,STX MAN B&W,6S60MC-C (MK-VIII.1 TIER II),MAN B&W,6S60,MC-C,VIII,TIER II,,,MAN BW,6S60::VIII
278,9455789,GEDE,WARTSILA CORP.,7RT-FLEX58T-B,Others,,,,,,,Others,
279,9365362,GEMINI PEARL,3 MAJ SULZER,7RTA48T-B,Others,,,,,,,Others,
280,9490624,GENCO AQUITAINE,DOOSAN - MAN B&W,6S50MC-C,MAN B&W,6S50,MC-C,,,,,MAN BW,6S50
281,9490636,GENCO ARDENNES,DOOSAN - MAN B&W,6S50MC-C,MAN B&W,6S50,MC-C,,,,,MAN BW,6S50
282,9361249,GENCO AUGUSTUS,MITSUI-MAN B&W,6S70MC-C,MAN B&W,6S70,MC-C,,,,,MAN BW,6S70
283,9557123,GENCO AUVERGNE,DOOSAN MAN B&W,6S50MC-C7,MAN B&W,6S50,MC-C,7,,,,MAN BW,6S50::7
284,9490662,GENCO BOURGOGNE,DOOSAN ENGINE CO. LTD.,6S50MC-C,MAN B&W,6S50,MC-C,,,,,MAN BW,6S50
285,9490698,GENCO BRITTANY,DOOSAN - MAN B&W,6S50MC-C,MAN B&W,6S50,MC-C,,,,,MAN BW,6S50
286,9444819,GENCO CLAUDIUS,HYUNDAI - MAN B&W,6S70MC6,MAN B&W,6S70,MC-C,6,,,,MAN BW,6S70::6
287,9758129,GENCO COLUMBIA,KAWASAKI MAN B&W,6S50ME-B9.3,MAN B&W,6S50,ME-B,9.3,,,,MAN BW,6S50::9.3
288,9422079,GENCO COMMODUS,MITSUI MAN B&W,6S70MC,MAN B&W,6S70,MC-C,,,,,MAN BW,6S70
289,9361251,GENCO CONSTANTINE,MITSUI-MAN B&W,6S70MC-C,MAN B&W,6S70,MC-C,,,,,MAN BW,6S70
290,9714678,GENCO CONSTELLATION,HHM-MAN-B&W,5G60ME-C9.2,MAN B&W,5G60,ME-C,9.2,,,,MAN BW,5G60::9.2
291,9718210,GENCO DEFENDER,HYUNDAI HEAVY INDUSTRIES CO. LTD.,6G70ME-C9.2,MAN B&W,6G70,ME-C,9.2,,,,MAN BW,6G70::9.2
292,9698965,GENCO ENDEAVOUR,CSSC MES DIESEL CO. LTD.,6G70ME-C9.2,MAN B&W,6G70,ME-C,9.2,,,,MAN BW,6G70::9.2
293,9707699,GENCO ENTERPRISE,STX-MAN B&W,5S60ME-C8.2,MAN B&W,5S60,ME-C,8.2,,,,MAN BW,5S60::8.2
294,9742651,Genco Freedom,STX MAN B&W,5S60ME-C8.2,MAN B&W,5S60,ME-C,8.2,,,,MAN BW,5S60::8.2
295,9422067,GENCO HADRIAN,HYUNDAI - MAN B&W,6S70MC6,MAN B&W,6S70,MC-C,6,,,,MAN BW,6S70::6
296,9721932,GENCO HORNET,DMD-MAN B&W,5S60ME-C8.2,MAN B&W,5S60,ME-C,8.2,,,,MAN BW,5S60::8.2
297,9617521,GH KAHLO,DALIAN MAN B&W,6S70ME-C8.2,MAN B&W,6S70,ME-C,8.2,,,,MAN BW,6S70::8.2
298,9456915,GH MADISON,HYUNDAI MAN B&W,6S60MC-C8,MAN B&W,6S60,MC-C,8,,,,MAN BW,6S60::8
299,9829758,GINGA COPPER,MITSUI MAN B&W,6S42MC7.1,MAN B&W,6S42,MC-C,7.1,,,,MAN BW,6S42::7.1
300,9321873,GINGA JAGUAR,KOBE DIESEL CO. LTD.,6UEC52LA,Others,,,,,,,Others,
301,9512941,GLOBAL BONANZA,MITSUI MAN B&W,7S50MC-C,MAN B&W,7S50,MC-C,,,,,MAN BW,7S50
302,9554169,GLOBAL FAITH,MAKITA MITSUI MAN B&W,6S42MC - MARK 6,MAN B&W,6S42,MC-C,6,,,,MAN BW,6S42::6
303,9340001,GLOBAL HARMONY,MITSUI MAN B&W,7S80MC-C,MAN B&W,7S80,MC-C,,,,,MAN BW,7S80
304,9765550,GLOBE ATLAS,MITSUI MAN B&W,7S60ME-C8.2,MAN B&W,7S60,ME-C,8.3,,,,MAN BW,7S60::8.3
305,9944986,GLOBE FRONTIER,HYUNDAI MAN B&W,6G60ME-C10.5-LGIP,MAN B&W,6G60,ME-C,10.5,,,LGIP,MAN BW,6G60::10.5
306,9902160,GLOBE IRIS,HYUNDAI MAN B&W,6G60ME-C9.5-HPSCR,MAN B&W,6G60,ME-C,9.5,,HPSCR,,MAN BW,6G60::9.5
307,9879703,GLOBE POLARIS,HYUNDAI MAN B&W,6G60ME-C9.5-HPSCR,MAN B&W,6G60,ME-C,9.5,,HPSCR,,MAN BW,6G60::9.5
308,9993482,GOLD ETERNITY,STX MAN B&W,6G50ME-C9.6-HPSCR,MAN B&W,6G50,ME-C,9.6,,HPSCR,,MAN BW,6G50::9.6
309,9934929,GOLDEN KIKU,MITSUI MAN B&W,6S60ME-C8.5 EGRBP,MAN B&W,6S60,ME-C,8.5,,EGRBP,,MAN BW,6S60::8.5
310,9937579,GREAT TRADER,CMD MAN B&W,6S60ME-C10.5,MAN B&W,6S60,ME-C,10.5,,,,MAN BW,6S60::10.5
311,9392793,GREAT WHITE,HYUNDAI MAN B&W,,MAN B&W,,,,,,,MAN BW,
312,9398278,GUNUNG GEULIS,MITSUI MAN B&W,6S60MC-C,MAN B&W,6S60,MC-C,,,,,MAN BW,6S60
313,9788564,HAKATA PRINCESS,MITSUI MAN B&W,6S50ME-B MARK 9.5,MAN B&W,6S50,ME-B,9.5,,,,MAN BW,6S50::9.5
314,9814155,HIGH LEADER,MITSUI MAN B&W,6S50ME-B9.5,MAN B&W,6S50,ME-B,9.5,,,,MAN BW,6S50::9.5
315,9814143,HIGH NAVIGATOR,MITSUI MAN B&W,6S50ME-B9.5,MAN B&W,6S50,ME-B,9.5,,,,MAN BW,6S50::9.5
316,9718973,HL LEADER,HYUNDAI MAN B&W,6S60ME-C8.2,MAN B&W,6S60,ME-C,8.2,,,,MAN BW,6S60::8.2
317,9845142,HL MERCURY,,,,,,,,,,,
318,9693575,HL PIONEER,DMD MAN B&W,6G70ME-C9.2 (TIER II),MAN B&W,6G70,ME-C,9.2,TIER II,,,MAN BW,6G70::9.2
319,9845128,HL VENUS,,,,,,,,,,,
320,9883819,HLS AMBER,HYUNDAI WINGD LTD.,6X62,Others,,,,,,,Others,
321,9860207,HONOR GALAXY,MAKITA MITSUI MAN B&W,6S40ME-B-9.5 (TIER�II),MAN B&W,6S40,ME-B,9.5,TIER II,,,MAN BW,6S40::9.5
322,9796585,HOURAI MARU,MITSUI MAN B&W,6G50ME-B MARK 9.5,MAN B&W,6G50,ME-B,9.5,,,,MAN BW,6G50::9.5
323,9937593,HUDSON TRADER,CMD MAN B&W,6S60ME-C10.5,MAN B&W,6S60,ME-C,10.5,,,,MAN BW,6S60::10.5
324,9963140,INCHEON VOYAGER,HYUNDAI MAN B&W,7S60ME-C10.5,MAN B&W,7S60,ME-C,10.5,,,,MAN BW,7S60::10.5
325,9972622,IVS PROGRESS,STX MAN B&W,6G50ME-C9.6 TIER III HPSCR & EGB,MAN B&W,6G50,ME-C,9.6,TIER III,HPSCR & EGB,,MAN BW,6G50::9.6
326,9972658,IVS TRADER,STX MAN B&W,6G50ME-C9.6 TIER III HPSCR & EGB,MAN B&W,6G50,ME-C,9.6,TIER III,HPSCR & EGB,,MAN BW,6G50::9.6
327,9907794,JACQUES,HITACHI MAN B&W,5L35MC-6.1,MAN B&W,5L35,MC,6.1,,,,MAN BW,5L35::6.1
328,9278662,JKT MIRACLE,MITSUI MAN B&W,6S50MC (MK 6),MAN B&W,6S50,MC-C,6,,,,MAN BW,6S50::6
329,1061520,JNS FRIENDSHIP,CSSC MAN B&W,5S50ME-C9.7-HPSCR,MAN B&W,5S50,ME-C,9.7,,HPSCR,,MAN BW,5S50::9.7
330,1039357,JNS LAKE,CSSC MAN B&W,5S50ME-C9.7-HPSCR,MAN B&W,5S50,ME-C,9.7,,HPSCR,,MAN BW,5S50::9.7
331,1044508,JNS OCEAN,CSSC MAN B&W,5S50ME-C9.7-HPSCR,MAN B&W,5S50,ME-C,9.7,,HPSCR,,MAN BW,5S50::9.7
332,1045227,JNS RIVER,CSSC MAN B&W,5S50ME-C9.7-HPSCR,MAN B&W,5S50,ME-C,9.7,,HPSCR,,MAN BW,5S50::9.7
333,1038391,JNS SEA,CSSC MAN B&W,5S50ME-C9.7-HPSCR,MAN B&W,5S50,ME-C,9.7,,HPSCR,,MAN BW,5S50::9.7
334,9850111,K IRON MOUNTAIN,HYUNDAI MAN B&W,7G80ME-C9.5-TII,MAN B&W,7G80,ME-C,9.5,TIER II,,,MAN BW,7G80::9.5
335,9250309,K. FAITH,MITSUI MAN B&W,7S50MC-C,MAN B&W,7S50,MC-C,,,,,MAN BW,7S50
336,9613783,K. HOPE,HYUNDAI WARTSILA,6RT-FLEX82T,Others,,,,,,,Others,
337,9708605,K. TAEAN,DOOSAN MAN B&W,5G70ME-C9.2-TII,MAN B&W,5G70,ME-C,9.2,TIER II,,,MAN BW,5G70::9.2
338,9718961,K. WESTERN DREAM,HYUNDAI MAN B&W,6S60ME-C8.2,MAN B&W,6S60,ME-C,8.2,,,,MAN BW,6S60::8.2
339,9708590,K. YOUNGHUNG,DOOSAN MAN B&W,5G70ME-C9.2 TIER II,MAN B&W,5G70,ME-C,9.2,TIER II,,,MAN BW,5G70::9.2
340,9495416,K.CONFIDENCE,MITSUI MAN B&W,6S70MC-C7.1,MAN B&W,6S70,MC-C,7.1,,,,MAN BW,6S70::7.1
341,9850123,K.PREMIUM ORE,HYUNDAI MAN B&W,7G80ME-C9.5-TII,MAN B&W,7G80,ME-C,9.5,TIER II,,,MAN BW,7G80::9.5
342,9514042,K.RUBY,WARTSILA CORP.,6RT-FLEX50,Others,,,,,,,Others,
343,9495404,K.VICTORY,MITSUI MAN B&W,6S70MC-C7.1,MAN B&W,6S70,MC-C,7.1,,,,MAN BW,6S70::7.1
344,9942653,KAMUI GALAXY,JAPAN ENGINE CORP.,6UEC42LSH-ECO-D3,Others,,,,,,,Others,
345,9950521,KATAGALAN ACE,MITSUI MAN B&W,7G50ME-C9.6-EGRBP,MAN B&W,7G50,ME-C,9.6,,EGRBP,,MAN BW,7G50::9.6
346,9950533,KATAGALAN BRAVE,MITSUI MAN B&W,7G50ME-C9.6-EGRBP,MAN B&W,7G50,ME-C,9.6,,EGRBP,,MAN BW,7G50::9.6
347,9433640,KEY JOURNEY,HITACHI MAN B&W,7S50MC-C,MAN B&W,7S50,MC-C,,,,,MAN BW,7S50
348,9829655,KIRKUK,DOOSAN MAN B&W,7G80ME-C MARK 9.5,MAN B&W,7G80,ME-C,9.5,,,,MAN BW,7G80::9.5
349,9683063,KMARIN REGARD,STX MAN B&W,6G60ME-C9.2,MAN B&W,6G60,ME-C,9.2,,,,MAN BW,6G60::9.2
350,9683051,KMARIN RESOLUTION,STX MAN B&W,6G60ME-C9.2,MAN B&W,6G60,ME-C,9.2,,,,MAN BW,6G60::9.2
351,9683037,KMARIN RESOURCE,STX MAN B&W,6G60ME-C9.2,MAN B&W,6G60,ME-C,9.2,,,,MAN BW,6G60::9.2
352,9683001,KMARIN RESPECT,STX MAN B&W,6G60ME-C9.2,MAN B&W,6G60,ME-C,9.2,,,,MAN BW,6G60::9.2
353,9683049,KMARIN RIGOUR,STX MAN B&W,6G60ME-C9.2,MAN B&W,6G60,ME-C,9.2,,,,MAN BW,6G60::9.2
354,9333280,KYRA,MITSUI MAN B&W,7S50MC-C,MAN B&W,7S50,MC-C,,,,,MAN BW,7S50
355,9913602,LADY AMANDA,DMD CO. LTD.,CSSC WIN GD 6X52 ISCR,Others,,,,,,,Others,
356,9310812,LADY OF DORIA,HITACHI MAN B&W,6S50ME-C,MAN B&W,6S50,ME-C,,,,,MAN BW,6S50
357,9463750,LAVENDER,STX MAN B&W,6S50MC-C,MAN B&W,6S50,MC-C,,,,,MAN BW,6S50
358,9589815,LILAC VICTORIA,MITSUI MAN B&W,6S60MC,MAN B&W,6S60,MC-C,,,,,MAN BW,6S60
359,9902859,LONE STAR MARINER,HYUNDAI MAN B&W,6G50ME-C9.5,MAN B&W,6G50,ME-C,9.5,,,,MAN BW,6G50::9.5
360,9731200,LOWLANDS BLUE,MITSUI MAN B&W,6G60ME-C9.5,MAN B&W,6G60,ME-C,9.5,,,,MAN BW,6G60::9.5
361,9789946,LOWLANDS DAWN,KAWASAKI MAN B&W,6S60ME-C MARK 8.2,MAN B&W,6S60,ME-C,8.2,,,,MAN BW,6S60::8.2
362,9799771,LOWLANDS FUTURE,KAWASAKI MAN B&W,6S50ME-B9.3,MAN B&W,6S50,ME-B,9.3,,,,MAN BW,6S50::9.3
363,9317559,LOWLANDS OPAL,KAWASAKI MAN B&W,6S50MC-C,MAN B&W,6S50,MC-C,,,,,MAN BW,6S50
364,9731212,LOWLANDS YELLOW,MITSUI MAN B&W,6G60ME-C9.5,MAN B&W,6G60,ME-C,9.5,,,,MAN BW,6G60::9.5
365,9669926,LVM AARON,HYUNDAI MAN B&W,,MAN B&W,,,,,,,MAN BW,
366,9694189,LVM WARRIOR,HYUNDAI MAN B&W,6G50ME-B MARK 9.3,MAN B&W,6G50,ME-B,9.3,,,,MAN BW,6G50::9.3
367,9928188,MAERSK ACADIA,CSSC MES MAN B&W,6G70ME-C10.5-HPSCR,MAN B&W,6G70,ME-C,10.5,,HPSCR,,MAN BW,6G70::10.5
368,9928190,MAERSK BISCAYNE,CSSC MES MAN B&W,6G70ME-C10.5-HPSCR,MAN B&W,6G70,ME-C,10.5,,HPSCR,,MAN BW,6G70::10.5
369,9502867,MAERSK EDIRNE,HYUNDAI WARTSILA,12RT-FLEX96C-B,Others,,,,,,,Others,
370,9964508,MAERSK EL ALTO,MITSUI MAN B&W,7G95ME-C10.5 EGRTC,MAN B&W,7G95,ME-C,10.5,,EGRTC,,MAN BW,7G95::10.5
371,9964493,MAERSK EL BANCO,MITSUI MAN B&W,7G95ME-C10.5 EGRTC,MAN B&W,7G95,ME-C,10.5,,EGRTC,,MAN BW,7G95::10.5
372,9964481,MAERSK EL PALOMAR,MITSUI MAN B&W,7G95ME-C10.5 EGRTC,MAN B&W,7G95,ME-C,10.5,,EGRTC,,MAN BW,7G95::10.5
373,9502910,MAERSK EMERALD,HYUNDAI WARTSILA,12RT-FLEX96C-B,Others,,,,,,,Others,
374,9501239,MAERSK EUREKA,HYUNDAI WARTSILA,12RT-FLEX96C-B,Others,,,,,,,Others,
375,9928205,MAERSK EVERGLADES,CSSC MES MAN B&W,6G70ME-C10.5-HPSCR,MAN B&W,6G70,ME-C,10.5,,HPSCR,,MAN BW,6G70::10.5
376,9928217,MAERSK GLACIER,CSSC MES MAN B&W,6G70ME-C10.5-HPSCR,MAN B&W,6G70,ME-C,10.5,,HPSCR,,MAN BW,6G70::10.5
377,9928229,MAERSK MAMMOTH,CSSC MES MAN B&W,6G70ME-C10.5-HPSCR,MAN B&W,6G70,ME-C,10.5,,HPSCR,,MAN BW,6G70::10.5
378,9943073,MAERSK OLYMPIC,CSSC MES MAN B&W,6G70ME-C10.5-HPSCR,MAN B&W,6G70,ME-C,10.5,,HPSCR,,MAN BW,6G70::10.5
379,9943085,MAERSK REDWOOD,CSSC MES MAN B&W,6G70ME-C10.5-HPSCR,MAN B&W,6G70,ME-C,10.5,,HPSCR,,MAN BW,6G70::10.5
380,9725706,MAERSK SALTORO,HYUNDAI MAN B&W,9S90ME-C,MAN B&W,9S90,ME-C,,,,,MAN BW,9S90
381,9943097,MAERSK SEQUOIA,CSSC MES MAN B&W,6G70ME-C10.5-HPSCR,MAN B&W,6G70,ME-C,10.5,,HPSCR,,MAN BW,6G70::10.5
382,9943114,MAERSK YELLOWSTONE,CSSC MES MAN B&W,6G70ME-C10.5-HPSCR,MAN B&W,6G70,ME-C,10.5,,HPSCR,,MAN BW,6G70::10.5
383,9943102,MAERSK YOSEMITE,CSSC MES MAN B&W,6G70ME-C10.5-HPSCR,MAN B&W,6G70,ME-C,10.5,,HPSCR,,MAN BW,6G70::10.5
384,9608867,MAGIC VICTORIA,MITSUI MAN B&W,6S60MC MARK 6,MAN B&W,6S60,MC-C,6,,,,MAN BW,6S60::6
385,9796573,MEGA BENEFIT,MITSUI MAN B&W,6S60ME-C8.2,MAN B&W,6S60,ME-C,8.2,,,,MAN BW,6S60::8.2
386,9865752,MERSEY,HYUNDAI MAN B&W,6G50ME-C9.5-HPSCR,MAN B&W,6G50,ME-C,9.5,,HPSCR,,MAN BW,6G50::9.5
387,9472098,MESK,,,,,,,,,,,
388,9399935,MICA,,,,,,,,,,,
389,9929871,MIRAI,CSSC MES MAN B&W,6G50ME-C9.6-LGIP-HPSCR,MAN B&W,6G50,ME-C,9.6,,HPSCR,LGIP,MAN BW,6G50::9.6
390,9282431,MOJO,HYUNDAI MAN B&W,6S70MC (MK 6),MAN B&W,6S70,MC-C,6,,,,MAN BW,6S70::6
391,9333840,MOL EARNEST,HYUNDAI MAN B&W,9K98MC-C,MAN B&W,9K98,MC-C,,,,,MAN BW,9K98
392,9333852,MOL ENDOWMENT,HYUNDAI MAN B&W,9K98MC-C (MK 6),MAN B&W,9K98,MC-C,6,,,,MAN BW,9K98::6
393,9444273,MOL PRESENCE,MITSUI MAN B&W,11K98MC,MAN B&W,11K98,MC,,,,,MAN BW,11K98
394,9403619,MOL PROFICIENCY,MITSUI MAN B&W,11K98MC,MAN B&W,11K98,MC,,,,,MAN BW,11K98
395,9610195,MOONBRIGHT SW,MITSUI MAN B&W,6S46MC-C,MAN B&W,6S46,MC-C,,,,,MAN BW,6S46
396,9520792,NALUHU,MITSUI MAN B&W,6S50MC-C,MAN B&W,6S50,MC-C,,,,,MAN BW,6S50
397,9546904,NATTY,,,,,,,,,,,
398,9379313,NAVE PULSAR,STX MAN B&W,6S60MC-C,MAN B&W,6S60,MC-C,,,,,MAN BW,6S60
399,9387683,NCC MAHA,HYUNDAI MAN B&W,6S50MC-C7,MAN B&W,6S50,MC-C,7,,,,MAN BW,6S50::7
400,9387671,NCC QAMAR,HYUNDAI MAN B&W,6S60MC-C,MAN B&W,6S60,MC-C,,,,,MAN BW,6S60
401,9610389,NEXUS VICTORIA,MITSUI MAN B&W,6S60MC MARK 6,MAN B&W,6S60,MC-C,6,,,,MAN BW,6S60::6
402,9805647,NORD COPPER,KAWASAKI MAN B&W,6S50ME-B9.5,MAN B&W,6S50,ME-B,9.5,,,,MAN BW,6S50::9.5
403,9536155,NORD ENERGY,HYUNDAI MAN B&W,6S70MC-C8,MAN B&W,6S70,MC-C,8,,,,MAN BW,6S70::8
404,9989297,NORD HOUSTON,CSSC MAN B&W,5S50ME-C9.7-HPSCR,MAN B&W,5S50,ME-C,9.7,,HPSCR,,MAN BW,5S50::9.7
405,9814167,NORD JEWEL,MITSUI MAN B&W,6S50ME-B9.5,MAN B&W,6S50,ME-B,9.5,,,,MAN BW,6S50::9.5
406,9814179,NORD JOY,MITSUI MAN B&W,6S50ME-B9.5,MAN B&W,6S50,ME-B,9.5,,,,MAN BW,6S50::9.5
407,9902835,NORD MAJESTIC,HYUNDAI MAN B&W,6G50ME-C9.6,MAN B&W,6G50,ME-C,9.6,,,,MAN BW,6G50::9.6
408,9941300,NORD MARINER,HYUNDAI MAN B&W,6G50ME-C9.6,MAN B&W,6G50,ME-C,9.6,,,,MAN BW,6G50::9.6
409,9941295,NORD MASTER,HYUNDAI MAN B&W,6G50ME-C9.6,MAN B&W,6G50,ME-C,9.6,,,,MAN BW,6G50::9.6
410,9687186,NORD PENGUIN,KAWASAKI MAN B&W,6S60ME-C8.2,MAN B&W,6S60,ME-C,8.2,,,,MAN BW,6S60::8.2
411,9537848,NORD POWER,HYUNDAI MAN B&W,6S70MC-C,MAN B&W,6S70,MC-C,,,,,MAN BW,6S70
412,9966233,NORD STEEL,MITSUI MAN B&W,7G60ME-C10.5-EGRBP,MAN B&W,7G60,ME-C,10.5,,EGRBP,,MAN BW,7G60::10.5
413,9982536,NORD VICTOR,HYUNDAI MAN B&W,6G50ME-C9.6,MAN B&W,6G50,ME-C,9.6,,,,MAN BW,6G50::9.6
414,9982550,NORD VIGNALE,HYUNDAI MAN B&W,6G50ME-C9.6,MAN B&W,6G50,ME-C,9.6,,,,MAN BW,6G50::9.6
415,9982524,NORD VULCAN,HYUNDAI MAN B&W,6G50ME-C9.6,MAN B&W,6G50,ME-C,9.6,,,,MAN BW,6G50::9.6
416,9796810,NORDIC COPENHAGEN,MAKITA MITSUI MAN B&W,6S46ME-B8.5,MAN B&W,6S46,ME-B,8.5,,,,MAN BW,6S46::8.5
417,9558402,NORDIC MARITA,MAKITA MITSUI MAN B&W,6S42MC MARK 6,MAN B&W,6S42,MC-C,6,,,,MAN BW,6S42::6
418,9967122,OCEAN CADENCE,HHM MAN B&W,6G50ME-C9.6 TIER III HPSCR,MAN B&W,6G50,ME-C,9.6,TIER III,HPSCR,,MAN BW,6G50::9.6
419,9967134,OCEAN DILIGENCE,HHM MAN B&W,6G50ME-C9.6 TIER III HPSCR,MAN B&W,6G50,ME-C,9.6,TIER III,HPSCR,,MAN BW,6G50::9.6
420,9529516,OCEAN GLSR,KAWASAKI MAN B&W,6S50ME-C8.2,MAN B&W,6S50,ME-C,8.2,,,,MAN BW,6S50::8.2
421,9712955,OCEAN PERA,MITSUI MAN B&W,6S50ME-B9.3 (MK 9),MAN B&W,6S50,ME-B,9.3,,,,MAN BW,6S50::9.3
422,9495038,OOCL BRAZIL,MITSUI MAN B&W,11K98MC-C,MAN B&W,11K98,MC-C,,,,,MAN BW,11K98
423,9567673,OOCL DURBAN,MITSUI MAN B&W,11K98MC-C,MAN B&W,11K98,MC-C,,,,,MAN BW,11K98
424,9804887,OPERA,,,,,,,,,,,
425,9803364,ORANGE VICTORIA,MITSUI MAN B&W,6G60ME-C9.5,MAN B&W,6G60,ME-C,9.5,,,,MAN BW,6G60::9.5
426,9984405,PAIWAN  ACE,MAKITA MAN B&W,6G45ME-C9.7 HPSCR,MAN B&W,6G45,ME-C,9.7,,HPSCR,,MAN BW,6G45::9.7
427,9427122,PAIWAN WISDOM,KOBE DIESEL MITSUBISHI CO. LTD.,6UEC45LSE,Others,,,,,,,Others,
428,9905423,PELICAN MARINER,HYUNDAI MAN B&W,6G50ME-C9.5,MAN B&W,6G50,ME-C,9.5,,,,MAN BW,6G50::9.5
429,9895317,PERTAMINA GAS AMARYLLIS,HYUNDAI MAN B&W,6G60ME-C9.5-LGIP-HPSCR,MAN B&W,6G60,ME-C,9.5,,HPSCR,LGIP,MAN BW,6G60::9.5
430,9850367,PHOENIX GAIA,KAWASAKI MAN B&W,7S60ME-C8.2,MAN B&W,7S60,ME-C,8.2,,,,MAN BW,7S60::8.2
431,9776250,PICO BASILE,MITSUI MAN B&W,7S50ME-B MARK 9.3,MAN B&W,7S50,ME-B,9.3,,,,MAN BW,7S50::9.3
432,9525211,PIS PROLIFIC,ZHENJIANG CME CO. LTD.,8L27/38,Others,,,,,,,Others,
433,9307140,PLANET PEARL,WARTSILA CORP.,6RTA58T,Others,,,,,,,Others,
434,9941271,PLATINUM JUBILEE,HYUNDAI MAN B&W,6G50ME-C9.6,MAN B&W,6G50,ME-C,9.6,,,,MAN BW,6G50::9.6
435,9519195,POAVOSA BRAVE,MAKITA MITSUI MAN B&W,6S42MC,MAN B&W,6S42,MC-C,,,,,MAN BW,6S42
436,9515644,POAVOSA WISDOM,,,,,,,,,,,
437,9580314,POAVOSA WISDOM III,MAKITA MITSUI MAN B&W,6S42MC (MK 6),MAN B&W,6S42,MC-C,6,,,,MAN BW,6S42::6
438,9905162,POINT LISAS,HYUNDAI MAN B&W,6G50ME-C9.6,MAN B&W,6G50,ME-C,9.6,,,,MAN BW,6G50::9.6
439,9982548,PRECIOUS ADELAIDE,HYUNDAI MAN B&W,6G50ME-C9.6,MAN B&W,6G50,ME-C,9.6,,,,MAN BW,6G50::9.6
440,9862413,PRO ONYX,HYUNDAI MAN B&W,6G50ME-C9.5,MAN B&W,6G50,ME-C,9.5,,,,MAN BW,6G50::9.5
441,9783904,PUSAKA BORNEO,MAN B&W,6G60ME-C MARK 9.5,MAN B&W,6G60,ME-C,9.5,,,,MAN BW,6G60::9.5
442,9367748,PVT VALENCIA,MITSUI MAN B&W,6S50MC MARK 6,MAN B&W,6S50,MC-C,6,,,,MAN BW,6S50::6
443,9902861,REDWOOD MARINER,HYUNDAI MAN B&W,6G50ME-C9.5,MAN B&W,6G50,ME-C,9.5,,,,MAN BW,6G50::9.5
444,9950284,RISHIRI GALAXY,JAPAN ENGINE CORP.,6UEC42LSH-ECO-D3,Others,,,,,,,Others,
445,9656400,SAKIZAYA ACE,MITSUI MAN B&W,7S50MC-C8.1,MAN B&W,7S50,MC-C,8.1,,,,MAN BW,7S50::8.1
446,9680360,SAKIZAYA CHAMPION,MITSUI MAN B&W,6S60ME-C8.2,MAN B&W,6S60,ME-C,8.2,,,,MAN BW,6S60::8.2
447,9749893,SAKIZAYA JUSTICE,HITACHI MAN B&W,6S60ME-C8.2,MAN B&W,6S60,ME-C,8.2,,,,MAN BW,6S60::8.2
448,9783150,SAKIZAYA RESPECT,MITSUI MAN B&W,6S60ME-C8.2,MAN B&W,6S60,ME-C,8.2,,,,MAN BW,6S60::8.2
449,9892676,SAKIZAYA UNICORN,MITSUI MAN B&W,6S60ME-C8.5 EGRBP,MAN B&W,6S60,ME-C,8.5,,EGRBP,,MAN BW,6S60::8.5
450,9934917,SAKIZAYA XCEL,MITSUI MAN B&W,6S60ME-C8.5 EGRBP,MAN B&W,6S60,ME-C,8.5,,EGRBP,,MAN BW,6S60::8.5
451,9330783,SAKURA SHUCHI,MAKITA MITSUI MAN B&W,6S42MC (MK 6),MAN B&W,6S42,MC-C,6,,,,MAN BW,6S42::6
452,9543079,SAKURA SPIRIT,STX MAN B&W,6G50ME-B MARK 9.5,MAN B&W,6G50,ME-B,9.5,,,,MAN BW,6G50::9.5
453,9919151,SAKURA VOYAGER,HYUNDAI MAN B&W,6G50ME-C9.6,MAN B&W,6G50,ME-C,9.6,,,,MAN BW,6G50::9.6
454,9746059,SANGGAU,,,,,,,,,,,
455,9687693,SCARLET EAGLE,KAWASAKI MAN B&W,6S50MC-C7,MAN B&W,6S50,MC-C,7,,,,MAN BW,6S50::7
456,9877834,SDTR ALICE,CSIC - MAN B&W,6S60ME-C8.5-TIER III HP SCR,MAN B&W,6S60,ME-C,8.5,TIER III,HPSCR,,MAN BW,6S60::8.5
457,9877858,SDTR CELESTE,CSIC - MAN B&W,6S60ME-C8.5-TIER III HP SCR,MAN B&W,6S60,ME-C,8.5,TIER III,HPSCR,,MAN BW,6S60::8.5
458,9877860,SDTR DORIS,CSIC - MAN B&W,6S60ME-C8.5-TIER III HP SCR,MAN B&W,6S60,ME-C,8.5,TIER III,HPSCR,,MAN BW,6S60::8.5
459,9877872,SDTR ERICA,CSIC - MAN B&W,6S60ME-C8.5-TIER III HP SCR,MAN B&W,6S60,ME-C,8.5,TIER III,HPSCR,,MAN BW,6S60::8.5
460,9877884,SDTR FAITH,CSIC - MAN B&W,6S60ME-C8.5-TIER III HP SCR,MAN B&W,6S60,ME-C,8.5,TIER III,HPSCR,,MAN BW,6S60::8.5
461,9877896,SDTR GLORIA,CSSC MES MAN B&W,6S60ME-C8.5-TIER III HP SCR,MAN B&W,6S60,ME-C,8.5,TIER III,HPSCR,,MAN BW,6S60::8.5
462,9877901,SDTR HERA,CSIC - MAN B&W,6S60ME-C8.5-TIER III HP SCR,MAN B&W,6S60,ME-C,8.5,TIER III,HPSCR,,MAN BW,6S60::8.5
463,9956886,SEASON TRADER,CMD MAN B&W,6S60ME-C10.5,MAN B&W,6S60,ME-C,10.5,,,,MAN BW,6S60::10.5
464,9859234,SEVERN,STX HEAVY INDUSTRIES CO. LTD.,6G50ME-C9.6,MAN B&W,6G50,ME-C,9.6,,,,MAN BW,6G50::9.6
465,9748784,SHANDONG FU REN,QMD MAN B&W,6S60ME-C8.2,MAN B&W,6S60,ME-C,8.2,,,,MAN BW,6S60::8.2
466,9748813,SHANDONG FU XIN,QMD MAN B&W,6S60ME-C8.2,MAN B&W,6S60,ME-C,8.2,,,,MAN BW,6S60::8.2
467,9748801,SHANDONG FU YI,QMD MAN B&W,6S60ME-C8.2,MAN B&W,6S60,ME-C,8.2,,,,MAN BW,6S60::8.2
468,9433860,SINAR MINAHASA,HANSHIN DIESEL WORKS LTD.,6S35MC,MAN B&W,6S35,MC-C,,,,,MAN BW,6S35
469,9783930,SOUTHERN LEADER,MITSUI MAN B&W,6G60ME-C9.5,MAN B&W,6G60,ME-C,9.5,,,,MAN BW,6G60::9.5
470,9783916,SOUTHERN REVERENCE,MAN B&W,6G60ME-C MARK 9.5,MAN B&W,6G60,ME-C,9.5,,,,MAN BW,6G60::9.5
471,9815458,STAR RIVER,HHM WARTSILA,5RT-FLEX50D,Others,,,,,,,Others,
472,9934888,STENA CONDUCTOR,HYUNDAI MAN B&W,6G50ME-C9.6,MAN B&W,6G50,ME-C,9.6,,,,MAN BW,6G50::9.6
473,9543110,STENA CONVOY,HYUNDAI MAN B&W,6G50ME-C9.6,MAN B&W,6G50,ME-C,9.6,,,,MAN BW,6G50::9.6
474,9937581,SUCCESS TRADER,CSSC MES MAN B&W,6G70ME-C10.5-HPSCR,MAN B&W,6G70,ME-C,10.5,,HPSCR,,MAN BW,6G70::10.5
475,9984170,SW LEGEND,MITSUI MAN B&W,6S50ME-C9.7 EGRBP,MAN B&W,6S50,ME-C,9.7,,EGRBP,,MAN BW,6S50::9.7
476,9920069,TAKAO GALAXY,JAPAN ENGINE CORP.,6UEC42LSH-ECO-D3,Others,,,,,,,Others,
477,9338577,TAOKAS WISDOM,,,,,,,,,,,
478,9737503,TEXAS TRIUMPH,MITSUI MAN B&W,11S90ME-C10.5,MAN B&W,11S90,ME-C,10.5,,,,MAN BW,11S90::10.5
479,9543081,TRAMMO CORNELL,STX MAN B&W,6G50ME-B MARK 9.5,MAN B&W,6G50,ME-B,9.5,,,,MAN BW,6G50::9.5
480,9409168,TRAMMO MARYCAM,HYUNDAI MAN B&W,,MAN B&W,,,,,,,MAN BW,
481,9792515,TRAMMO PARIS,HYUNDAI MAN B&W,6G45ME-C MARK 9.5,MAN B&W,6G45,ME-C,9.5,,,,MAN BW,6G45::9.5
482,9550216,TRANSFORMER OL,MAKITA MITSUI MAN B&W,6S42MC (MARK VI),MAN B&W,6S42,MC-C,6,,,,MAN BW,6S42::6
483,9403528,TRUE CHAMPION,HYUNDAI MAN B&W,6S70ME-C7,MAN B&W,6S70,ME-C,7,,,,MAN BW,6S70::7
484,9778430,TRUE CONRAD,CSSC MES DIESEL CO. LTD.,6G70ME-C (Mark 9.2),MAN B&W,6G70,ME-C,9.2,,,,MAN BW,6G70::9.2
485,9778416,TRUE NEPTUNE,CSSC MES DIESEL CO. LTD.,6G70ME-C (Mark 9.2),MAN B&W,6G70,ME-C,9.2,,,,MAN BW,6G70::9.2
486,9860192,TRUST GALAXY,HITACHI MAN B&W,6S40ME-B9.3,MAN B&W,6S40,ME-B,9.3,,,,MAN BW,6S40::9.3
487,9796834,TSUKUBA GALAXY,MAKITA MITSUI MAN B&W,6S46ME-B MARK 8.5,MAN B&W,6S46,ME-B,8.5,,,,MAN BW,6S46::8.5
488,9875501,TSURUGI GALAXY,MAKITA MITSUI MAN B&W,6S46ME-B MARK 8.5,MAN B&W,6S46,ME-B,8.5,,,,MAN BW,6S46::8.5
489,9865740,TWEED,HYUNDAI MAN B&W,6G50ME-C9.5-HPSCR,MAN B&W,6G50,ME-C,9.5,,HPSCR,,MAN BW,6G50::9.5
490,9973353,WHITE ALLEGRA,CSSC MES MAN B&W,6S40ME-C9.7-HPSCR,MAN B&W,6S40,ME-C,9.7,,HPSCR,,MAN BW,6S40::9.7
491,9799111,WHITE HORSE,HHM MAN B&W,6S35ME-B9.5,MAN B&W,6S35,ME-B,9.5,,,,MAN BW,6S35::9.5
492,9917957,WHITE PEARL,HHM WARTSILA,5RT-FLEX50D,Others,,,,,,,Others,
493,9799109,WHITE STAR,HHM MAN B&W,6S35ME-B9.5,MAN B&W,6S35,ME-B,9.5,,,,MAN BW,6S35::9.5
494,9858852,WISCO ADVENTURE,MITSUI MAN B&W,6S50ME-B MARK 9.5,MAN B&W,6S50,ME-B,9.5,,,,MAN BW,6S50::9.5
495,9875214,WORLD DIANA,MITSUI MAN B&W,6S50ME-C8.5,MAN B&W,6S50,ME-C,8.5,,,,MAN BW,6S50::8.5
496,9860403,WORLD PRIZE,MITSUI MAN B&W,6S50ME-C9.5,MAN B&W,6S50,ME-C,9.5,,,,MAN BW,6S50::9.5
497,9860398,WORLD RUBY,MITSUI MAN B&W,6S50ME-C9.5,MAN B&W,6S50,ME-C,9.5,,,,MAN BW,6S50::9.5
498,9860374,WORLD VIRTUE,MITSUI MAN B&W,6S50ME-C9.5,MAN B&W,6S50,ME-C,9.5,,,,MAN BW,6S50::9.5
499,9954967,XIN XIANG SEA,CSSC MAN B&W,6G50ME.C9.6,MAN B&W,6G50,ME-C,9.6,,,,MAN BW,6G50::9.6
500,9954993,XIN ZHENG SEA,CSSC MAN B&W,6G50ME.C9.6,MAN B&W,6G50,ME-C,9.6,,,,MAN BW,6G50::9.6
501,9955014,XIN ZHI SEA,CSSC MAN B&W,6G50ME.C9.6,MAN B&W,6G50,ME-C,9.6,,,,MAN BW,6G50::9.6
502,9963138,YEOSU VOYAGER,HYUNDAI MAN B&W,7S60ME-C10.5,MAN B&W,7S60,ME-C,10.5,,,,MAN BW,7S60::10.5
